Timestamp,2024-06-05 21:22:25
FULL NAME,EMAIL ADDRESS,CONTACT NUMBER
Saanvi Shukla,saanvi_shukla425@gmail.com,+919869787968
Chahat Jha,chahat_jha.446@gmail.com,8896869896
Counter: ,2


Timestamp,2024-06-05 21:31:52
FULL NAME,EMAIL ADDRESS,CONTACT NUMBER
Riva Mittal,riva_mittal.958@gmail.com,+917886866769
Vanshika Goyal,vanshika.goyal.4601@gmail.com,8688996967
Roshni Mittal,roshni_mittal.36375@gmail.com,+919768966897
Jhanvi Singh,jhanvi_singh.3742@gmail.com,6867789766
Niharika Joshi,niharika.joshi.856@gmail.com,+916966798667
Srishti Tiwari,srishtitiwari.971@gmail.com,8679769898
Kavya Sharma,kavya.sharma.4004@gmail.com,09969786677
Niharika Sinha,niharika_sinha.3198@gmail.com,+919697767896
Trisha Sharma,trisha_sharma.293@gmail.com,9776696899
Tanvi Sharma,tanvisharma2844@outlook.com,08896787976
Shivani Garg,shivanigarg755@gmail.com,07788788676
Counter: ,11
