,
Timestamp,2024-05-16 20:18:42
Shreya Sharma,shreyasharma57370@outlook.com,+918666677679
Trisha Sharma,trishasharma203@yahoo.com,8877979696
Counter:,2


Timestamp,2024-05-16 21:03:55
Kanak Gupta,kanakgupta4413@gmail.com,6778698897
Avni Verma,avniverma344@gmail.com,09778878869
Counter:,2


Timestamp,2024-05-16 21:44:54
Kashvi Sharma,kashvisharma910@yahoo.com,+917898878768
Anshu Chauhan,anshuchauhan353@outlook.com,+916967667679
Counter:,2


Timestamp,2024-05-16 22:02:36
FULL NAME,EMAIL ADDRESS,CONTACT NUMBER
Amaira Sharma,amairasharma009@outlook.com,+917687896976
Kiran Singh,kiransingh66577@yahoo.com,+916666667776
Counter:,2


Timestamp,2024-05-17 00:03:45
FULL NAME,EMAIL ADDRESS,CONTACT NUMBER
Anisha Kapoor,kapooranisha6629@gmail.com,8679889997
Counter:,1


Timestamp,2024-05-17 12:21:54
FULL NAME,EMAIL ADDRESS,CONTACT NUMBER
Ridhi Sharma,sharmaridhi80120@gmail.com,8867886697
Counter:,1


Timestamp,2024-05-17 12:35:39
FULL NAME,EMAIL ADDRESS,CONTACT NUMBER
Vidhi Sharma,sharmavidhi626@gmail.com,07798977666
Counter:,1



Timestamp,2024-05-17 13:26:33
FULL NAME,EMAIL ADDRESS,CONTACT NUMBER
Kirti Agarwal,agarwalkirti1498@gmail.com,9867668678
Counter:,1
